,Noun,Count
0,hotel,48785
1,parking,1618
2,good,16948
3,deal,1435
4,stay,15140
5,anniversary,408
6,evening,1852
7,advice,499
8,check,2926
9,view,4594
10,room,34249
11,size,1970
12,bed,4838
13,comfortable,4403
14,neck,30
15,high,1692
16,music,862
17,night,9410
18,morning,3132
19,opening,170
20,closing,105
21,people,6755
22,talking,302
23,hallway,217
24,maybe,867
25,bath,1133
26,goldfish,16
27,touch,662
28,advantage,323
29,location,11002
30,walking,2872
31,distance,1731
32,shopping,1910
33,experience,3247
34,pay,1909
35,nothing,2283
36,special,1323
37,charge,1100
38,diamond,187
39,member,423
40,chain,358
41,shot,75
42,start,976
43,suite,1946
44,website,932
45,description,71
46,bedroom,818
47,bathroom,4953
48,standard,1352
49,reservation,1031
50,desk,4394
51,couch,146
52,clerk,283
53,breakfast,9259
54,embassy,137
55,day,9328
56,offer,932
57,advertising,27
58,guest,907
59,email,376
60,failure,8
61,copy,63
62,manager,1122
63,duty,169
64,reply,49
65,solution,39
66,trip,4913
67,survey,17
68,mail,45
69,guess,602
70,tell,900
71,staff,16185
72,neighborhood,459
73,hood,4
74,block,1108
75,inside,646
76,run,872
77,cell,106
78,phone,838
79,help,1609
80,arrival,1138
81,half,971
82,bottle,749
83,champagne,490
84,chocolate,364
85,foam,27
86,alley,120
87,rise,54
88,building,1729
89,cleaner,110
90,property,1273
91,left,2552
92,short,1696
93,control,212
94,inch,64
95,screen,487
96,green,264
97,shine,23
98,light,999
99,sensitive,70
100,tape,13
101,business,1683
102,unit,177
103,guidance,17
104,use,2753
105,sound,382
106,dock,49
107,book,1577
108,weekend,1437
109,choice,1691
110,rest,936
111,party,768
112,comparison,148
113,square,1529
114,footage,9
115,tub,764
116,whirlpool,40
117,car,1748
118,service,9930
119,price,3705
120,tip,1138
121,driver,385
122,waiting,847
123,person,1411
124,bubble,42
125,gesture,50
126,fish,583
127,impression,267
128,space,1173
129,change,996
130,channel,106
131,way,4075
132,thermostat,50
133,try,2345
134,cover,133
135,face,345
136,blue,574
137,drop,200
138,look,1585
139,play,375
140,box,212
141,work,1918
142,water,4901
143,going,3239
144,unique,252
145,time,9804
146,main,2375
147,downtown,802
148,area,5918
149,pet,52
150,animal,38
151,hair,339
152,sleeping,365
153,wine,1238
154,lobby,3322
155,thought,1876
156,feature,154
157,internet,2237
158,mix,170
159,color,88
160,print,115
161,feel,2252
162,rock,177
163,personality,49
164,game,274
165,downfall,41
166,package,643
167,taxi,1286
168,problem,2893
169,want,4170
170,thing,2306
171,making,935
172,girlfriend,281
173,buddy,9
174,second,1498
175,fact,1140
176,language,472
177,ass,6
178,city,3916
179,head,628
180,issue,659
181,company,372
182,answer,234
183,stadium,58
184,plan,575
185,return,2137
186,walk,6088
187,mind,886
188,right,4250
189,leave,1444
190,police,163
191,presence,43
192,pike,172
193,street,3640
194,waterfront,126
195,coffee,2395
196,dog,137
197,family,2051
198,house,943
199,knock,67
200,doing,590
201,turn,658
202,hit,319
203,floor,4567
204,place,7679
205,online,346
206,travel,1574
207,love,1122
208,husband,2710
209,crazy,196
210,memorial,56
211,friend,607
212,wedding,713
213,talk,299
214,human,31
215,welcome,721
216,sight,225
217,quiet,2819
218,access,1647
219,server,70
220,printing,33
221,afternoon,742
222,reception,1982
223,restaurant,5150
224,food,8965
225,word,336
226,caution,77
227,fit,295
228,table,981
229,stomach,226
230,couple,2113
231,patron,10
232,design,411
233,opinion,405
234,metal,56
235,wood,147
236,glass,746
237,capital,43
238,art,356
239,industry,48
240,reason,559
241,rainy,84
242,chance,358
243,noise,2159
244,office,297
245,plenty,1825
246,spread,193
247,lighting,280
248,storage,197
249,clothing,82
250,luggage,1229
251,job,565
252,market,915
253,museum,409
254,dining,750
255,quality,1549
256,home,2093
257,door,2638
258,men,281
259,maid,749
260,foot,315
261,instance,52
262,employee,155
263,reflection,29
264,hour,1835
265,close,3150
266,pioneer,30
267,rail,107
268,cruise,592
269,bell,310
270,charm,269
271,store,636
272,today,87
273,double,1240
274,curtain,150
275,mom,122
276,past,644
277,delight,92
278,professional,573
279,poor,908
280,value,2339
281,beating,11
282,average,1207
283,wife,1639
284,shop,752
285,league,20
286,western,216
287,exercise,144
288,east,247
289,coast,107
290,vibe,64
291,fun,2096
292,young,646
293,group,988
294,pocket,50
295,ideal,539
296,flat,526
297,panel,57
298,fine,1925
299,library,165
300,concert,60
301,hall,316
302,forever,125
303,heavy,189
304,checking,613
305,tap,156
306,pick,618
307,dollar,314
308,hold,205
309,credit,464
310,card,922
311,week,2757
312,airport,2957
313,leopard,5
314,robe,55
315,complaint,714
316,wifi,161
317,center,1115
318,customer,580
319,checkout,249
320,gift,312
321,man,453
322,garment,5
323,bag,314
324,suitcase,121
325,key,732
326,number,774
327,park,1401
328,working,883
329,oil,52
330,lotion,93
331,blood,36
332,somebody,68
333,sunday,305
334,management,569
335,kind,975
336,supervisor,44
337,wait,1728
338,tone,40
339,downstairs,394
340,paper,278
341,lady,380
342,life,581
343,anybody,101
344,mirror,157
345,post,166
346,entrance,450
347,handle,105
348,flight,1032
349,ride,1233
350,cost,1137
351,private,651
352,case,503
353,kick,42
354,year,1958
355,dinner,2365
356,holiday,1317
357,response,148
358,luck,237
359,finding,386
360,thanks,484
361,centre,990
362,spending,324
363,money,2617
364,refund,95
365,vacation,2556
366,toll,23
367,line,1093
368,assistance,124
369,majority,143
370,attitude,351
371,care,940
372,honesty,37
373,end,1789
374,dash,7
375,saw,1144
376,prompt,158
377,loyalty,12
378,program,97
379,public,676
380,tour,1452
381,television,177
382,player,203
383,means,417
384,personal,393
385,machine,376
386,particular,278
387,lunch,1399
388,tomorrow,61
389,ethernet,27
390,web,237
391,wrong,712
392,sister,321
393,base,331
394,competition,38
395,lot,2878
396,mattress,230
397,chair,509
398,rip,107
399,wall,718
400,fog,23
401,horn,9
402,town,1056
403,boy,177
404,scope,5
405,plate,176
406,crackers,36
407,bar,5093
408,comfort,310
409,hello,145
410,visit,2007
411,labor,38
412,gray,16
413,corner,1092
414,total,348
415,rate,1672
416,tourist,866
417,needle,163
418,bit,3867
419,underground,240
420,safe,1661
421,stand,305
422,shower,2815
423,blanket,88
424,trust,133
425,wont,131
426,gold,158
427,test,26
428,weight,90
429,worth,2532
430,surprise,477
431,option,346
432,nightlife,183
433,queen,423
434,king,1008
435,fellow,115
436,future,337
437,reference,21
438,booking,1033
439,match,87
440,brunch,36
441,following,358
442,window,956
443,district,510
444,project,16
445,yoga,39
446,mat,33
447,helicopter,53
448,visitor,70
449,need,2869
450,upgrade,737
451,north,377
452,net,44
453,result,130
454,sleep,1180
455,read,1632
456,site,914
457,elevator,659
458,possible,486
459,ambulance,20
460,aside,145
461,heating,101
462,plane,259
463,lounge,1313
464,contact,289
465,lever,4
466,well,6
467,star,2298
468,proposition,5
469,fitness,241
470,pool,7143
471,basement,134
472,outrage,2
473,dahlia,4
474,palace,807
475,kitchen,474
476,grocery,151
477,variety,803
478,printer,72
479,hope,566
480,meal,936
481,heart,552
482,terminal,201
483,finish,135
484,west,225
485,armchair,15
486,fridge,721
487,zone,73
488,opposite,370
489,agency,92
490,minute,1953
491,personnel,153
492,availability,74
493,level,793
494,air,1783
495,order,949
496,linen,140
497,balcony,1151
498,reality,85
499,disappointment,288
500,sample,68
501,patio,293
502,step,222
503,lake,96
504,union,428
505,bay,365
506,weather,820
507,major,875
508,drive,556
509,spouse,32
510,sightseeing,371
511,bus,2175
512,figure,215
513,research,178
514,course,987
515,marble,414
516,deep,238
517,consideration,56
518,leg,78
519,attempt,124
520,garage,284
521,confirmation,164
522,gem,352
523,ferry,273
524,swimming,586
525,dark,578
526,gym,614
527,facility,244
528,pizza,486
529,wire,20
530,guarantee,69
531,note,758
532,request,735
533,ice,588
534,registration,29
535,sign,430
536,conservation,2
537,facet,4
538,drain,87
539,maker,168
540,march,467
541,hand,576
542,fly,131
543,cut,250
544,operating,29
545,skeleton,2
546,rating,397
547,hostel,98
548,range,323
549,lift,322
550,familiar,79
551,carpet,347
552,stop,1196
553,prior,444
554,train,1313
555,station,2543
556,map,285
557,discount,190
558,budget,531
559,movie,144
560,version,60
561,middle,724
562,clock,169
563,wake,227
564,flow,46
565,pressure,408
566,conversation,116
567,moron,2
568,owner,196
569,interview,1
570,type,567
571,mention,475
572,cable,448
573,lack,512
574,condition,214
575,character,175
576,baseball,36
577,simple,456
578,driving,233
579,inn,913
580,motel,184
581,usual,371
582,watch,668
583,idea,430
584,mean,325
585,cafe,753
586,exit,156
587,advance,375
588,fault,513
589,boutique,449
590,island,1080
591,spot,617
592,bride,22
593,stone,127
594,deck,137
595,silly,75
596,reserve,304
597,original,203
598,duck,84
599,furniture,521
600,date,142
601,claim,109
602,ear,94
603,fax,56
604,kill,47
605,pub,98
606,rabbit,12
607,hutch,1
608,code,96
609,individual,111
610,stuff,611
611,length,104
612,list,360
613,bet,110
614,woman,302
615,convention,211
616,hill,186
617,south,346
618,road,1032
619,flower,100
620,jewelry,60
621,spill,10
622,pleasure,290
623,set,883
624,wardrobe,120
625,sink,358
626,shelf,134
627,traffic,481
628,silence,24
629,reading,965
630,upstairs,153
631,terrace,449
632,brick,85
633,surrounds,17
634,fireplace,89
635,share,308
636,strip,141
637,beat,468
638,miss,488
639,townhouse,7
640,wish,599
641,month,317
642,million,35
643,skyline,62
644,living,452
645,radio,80
646,manner,78
647,matter,518
648,smile,506
649,eye,148
650,hospitality,194
651,birthday,527
652,tile,128
653,wear,257
654,attention,401
655,race,30
656,cold,1294
657,tolerance,12
658,atmosphere,674
659,grand,817
660,bonus,274
661,whale,9
662,vineyard,3
663,roof,411
664,garden,639
665,breath,82
666,world,1050
667,count,105
668,pine,6
669,purchase,147
670,state,244
671,sunset,121
672,assist,97
673,glasses,206
674,page,39
675,planning,384
676,style,810
677,info,161
678,drug,37
679,happening,113
680,feed,70
681,meter,38
682,fairness,23
683,tea,846
684,toast,273
685,granola,19
686,juice,514
687,yogurt,162
688,interior,229
689,fan,336
690,drunk,99
691,conclusion,81
692,compromise,16
693,girl,221
694,escape,108
695,hip,196
696,maximum,37
697,suck,19
698,mistake,219
699,sheet,88
700,information,444
701,blame,68
702,injury,16
703,fortune,66
704,event,130
705,bakery,95
706,simplicity,7
707,current,60
708,vinyl,5
709,eve,113
710,occasion,146
711,route,189
712,glory,10
713,rocket,10
714,roll,91
715,tonight,17
716,authority,18
717,incompetence,5
718,hospital,149
719,white,752
720,basin,41
721,rectangle,4
722,crown,33
723,spring,156
724,break,670
725,shift,32
726,example,292
727,inconvenience,99
728,buffet,3513
729,clam,7
730,chowder,14
731,salmon,74
732,spinach,8
733,salad,229
734,crab,45
735,priority,92
736,award,26
737,commercial,40
738,regard,46
739,club,2047
740,clue,30
741,common,323
742,kit,62
743,sandwich,111
744,gown,9
745,tray,83
746,security,477
747,guard,76
748,poster,61
749,catch,308
750,plain,132
751,ordinary,84
752,switch,162
753,luxury,651
754,aid,19
755,spray,228
756,notice,325
757,conference,311
758,cereal,283
759,fruit,1141
760,coupon,43
761,appetizer,80
762,university,63
763,tower,712
764,review,967
765,executive,480
766,reward,23
767,rule,54
768,smoking,408
769,news,122
770,concern,128
771,infant,22
772,daughter,678
773,health,93
774,smell,699
775,cigarette,126
776,smoke,338
777,ashtray,23
778,clothes,344
779,baby,205
780,addition,274
781,tag,41
782,garbage,111
783,compensation,57
784,outside,2207
785,son,577
786,shampoo,186
787,soap,219
788,red,457
789,mask,24
790,nightlight,4
791,clip,7
792,weed,26
793,expectation,56
794,den,23
795,graduation,13
796,school,188
797,proximity,198
798,bite,113
799,closet,438
800,toilet,707
801,cap,44
802,letter,104
803,glove,6
804,inspection,21
805,policy,121
806,classic,113
807,upper,154
808,science,26
809,fee,327
810,term,35
811,apartment,278
812,conditioner,203
813,ceiling,356
814,temperature,278
815,amusement,6
816,period,144
817,bacon,270
818,supermarket,184
819,arena,43
820,effort,220
821,operation,32
822,practice,54
823,point,864
824,microwave,249
825,stove,41
826,iron,235
827,board,306
828,guy,544
829,bargain,295
830,thinking,258
831,insulation,27
832,studio,93
833,local,1231
834,feeling,403
835,dump,125
836,medium,51
837,gather,26
838,crowd,209
839,accommodation,184
840,junior,315
841,fixture,16
842,real,1148
843,firm,192
844,mother,171
845,grace,56
846,fall,153
847,patience,52
848,daily,822
849,wash,161
850,dryer,160
851,definition,11
852,edge,140
853,neighbourhood,87
854,preference,47
855,snack,290
856,basket,99
857,sense,206
858,sofa,297
859,restriction,1
860,meet,426
861,min,585
862,colleague,42
863,reach,215
864,architecture,108
865,basics,60
866,camera,151
867,organizing,14
868,messy,17
869,variable,13
870,general,480
871,intention,27
872,selection,865
873,recommendation,193
874,schedule,128
875,age,265
876,opera,205
877,challenge,61
878,shape,146
879,transportation,347
880,carry,192
881,entertainment,1086
882,brand,240
883,history,143
884,land,103
885,arrangement,46
886,ottoman,24
887,cocktail,201
888,winner,48
889,pop,132
890,dime,28
891,truth,57
892,form,161
893,privacy,232
894,ring,87
895,cycle,12
896,invitation,12
897,victory,6
898,host,86
899,surface,38
900,beginning,247
901,leading,105
902,mall,412
903,scent,29
904,court,150
905,season,240
906,rent,250
907,peninsula,91
908,independent,36
909,skill,7
910,fifth,87
911,traveler,216
912,brilliant,383
913,bob,31
914,pastry,65
915,accident,36
916,paint,148
917,coat,41
918,bathtub,192
919,furnace,5
920,subject,37
921,hoof,6
922,final,162
923,faucet,22
924,agent,384
925,pass,365
926,winter,141
927,energy,78
928,initial,88
929,jerk,5
930,pillow,254
931,towel,534
932,summer,302
933,hell,107
934,heat,320
935,wave,60
936,pier,112
937,jogging,22
938,pearl,40
939,ship,137
940,refrigerator,233
941,drink,1714
942,buy,717
943,arm,59
944,transit,67
945,agreement,25
946,wind,162
947,reunion,27
948,flavor,64
949,cast,17
950,era,19
951,breeze,286
952,situation,299
953,stretch,77
954,polish,19
955,cake,212
956,cream,223
957,attraction,60
958,bother,582
959,hometown,3
960,suit,165
961,duration,52
962,offering,186
963,fight,73
964,pipe,23
965,nod,11
966,telephone,98
967,normal,302
968,running,430
969,section,342
970,surround,25
971,theater,108
972,metro,1407
973,norm,77
974,delivery,73
975,tax,190
976,lock,183
977,picture,233
978,decline,8
979,punishment,6
980,pole,10
981,underpants,2
982,network,45
983,claw,4
984,search,89
985,basis,148
986,transport,356
987,fix,242
988,overheard,31
989,burning,29
990,appearance,57
991,mobility,27
992,prison,20
993,limo,74
994,yellow,101
995,porcelain,5
996,avenue,228
997,gauntlet,8
998,illegal,15
999,marketplace,49
1000,vibration,6
1001,ambience,127
1002,grip,6
1003,bike,105
1004,hop,200
1005,pun,10
1006,bathrobe,39
1007,fluke,8
1008,stall,71
1009,minor,386
1010,counter,212
1011,struggle,41
1012,pot,120
1013,field,50
1014,repeat,94
1015,father,48
1016,e-mail,138
1017,itinerary,25
1018,wing,171
1019,painting,64
1020,cause,145
1021,pack,186
1022,departure,246
1023,attendant,106
1024,speaking,418
1025,assignment,8
1026,opportunity,176
1027,construction,557
1028,vacuum,17
1029,thief,9
1030,understanding,82
1031,potential,88
1032,mile,181
1033,bureau,17
1034,speed,201
1035,adult,176
1036,dresser,60
1037,someplace,34
1038,improvement,102
1039,draw,67
1040,hunting,7
1041,bank,176
1042,tooth,20
1043,highway,67
1044,silver,97
1045,status,71
1046,joke,177
1047,radiator,20
1048,wink,5
1049,renaissance,98
1050,mini,760
1051,understatement,22
1052,decade,8
1053,dirt,73
1054,produce,26
1055,hide,45
1056,goodness,73
1057,dare,16
1058,doorway,9
1059,handicap,19
1060,legal,14
1061,requirement,20
1062,entry,119
1063,billing,31
1064,bid,22
1065,win,50
1066,function,56
1067,lion,27
1068,crocodile,2
1069,waste,240
1070,cocoa,28
1071,sea,476
1072,clipper,6
1073,report,132
1074,risk,60
1075,category,79
1076,mood,80
1077,transfer,174
1078,modem,6
1079,seminar,9
1080,disaster,68
1081,container,29
1082,storm,153
1083,beverage,93
1084,temp,50
1085,eating,655
1086,steak,561
1087,tender,36
1088,instant,41
1089,climb,83
1090,release,11
1091,lie,85
1092,suggestion,96
1093,summary,104
1094,hearing,83
1095,story,188
1096,officer,15
1097,assault,3
1098,arrest,2
1099,contract,15
1100,sort,362
1101,reverse,9
1102,portion,63
1103,action,222
1104,abuse,6
1105,elbow,12
1106,drinking,274
1107,ground,382
1108,series,42
1109,director,22
1110,source,32
1111,favorite,572
1112,meeting,246
1113,refreshments,29
1114,treat,400
1115,sky,90
1116,menu,686
1117,saving,91
1118,jewel,44
1119,grease,18
1120,stain,33
1121,thrill,6
1122,display,62
1123,digit,3
1124,motion,26
1125,child,203
1126,businessman,9
1127,detective,2
1128,vehicle,53
1129,zero,103
1130,prize,15
1131,convenience,242
1132,exterior,70
1133,ease,71
1134,cup,222
1135,difference,344
1136,equivalent,36
1137,pricing,53
1138,baggage,109
1139,rush,123
1140,nightmare,146
1141,appeal,38
1142,core,18
1143,jockey,1
1144,alternative,141
1145,round,358
1146,factory,77
1147,self,143
1148,temporary,29
1149,process,176
1150,suburb,11
1151,nobody,164
1152,heater,48
1153,nickel,21
1154,celsius,9
1155,completion,6
1156,mandarin,131
1157,mint,18
1158,noon,186
1159,laptop,187
1160,string,14
1161,church,126
1162,gentleman,120
1163,seat,185
1164,railing,3
1165,limit,44
1166,savings,23
1167,grill,509
1168,resistance,12
1169,brown,94
1170,caramel,3
1171,hesitation,168
1172,black,271
1173,aircraft,18
1174,error,34
1175,leisure,75
1176,boyfriend,532
1177,hurt,60
1178,cough,14
1179,grey,57
1180,sun,872
1181,cabinet,44
1182,tourism,56
1183,rack,79
1184,retailer,1
1185,planet,35
1186,soda,142
1187,porch,20
1188,driveway,21
1189,sidewalk,41
1190,apron,1
1191,swing,37
1192,blind,33
1193,sculpture,12
1194,ticket,223
1195,harbor,157
1196,apology,98
1197,taste,384
1198,mouth,42
1199,sum,98
1200,monitor,15
1201,observation,26
1202,umbrella,134
1203,sweater,8
1204,shoes,176
1205,plastic,173
1206,dish,114
1207,urn,1
1208,river,420
1209,perspective,59
1210,class,539
1211,doll,9
1212,killer,14
1213,aquarium,79
1214,laundry,215
1215,lemon,30
1216,kindness,35
1217,emergency,62
1218,streetcar,57
1219,airfare,22
1220,vomit,13
1221,airline,95
1222,native,58
1223,football,84
1224,goal,22
1225,criteria,29
1226,socks,36
1227,cotton,60
1228,movement,14
1229,visa,45
1230,discussion,38
1231,gossip,3
1232,vegetarian,53
1233,cuisine,120
1234,constant,160
1235,port,200
1236,concrete,77
1237,peak,114
1238,bartender,233
1239,liquor,199
1240,hostess,55
1241,outfit,12
1242,brownie,4
1243,title,26
1244,abdomen,1
1245,fragrance,10
1246,postage,14
1247,row,125
1248,dead,134
1249,dozen,61
1250,moment,433
1251,comment,333
1252,establishment,96
1253,theme,195
1254,hype,38
1255,dessert,159
1256,cheese,543
1257,apple,418
1258,butter,77
1259,link,46
1260,female,102
1261,exception,217
1262,favor,83
1263,oasis,160
1264,peace,146
1265,calm,195
1266,spite,42
1267,dressing,95
1268,wonder,164
1269,item,100
1270,praise,84
1271,registry,2
1272,turning,69
1273,spell,16
1274,freak,13
1275,drake,13
1276,feedback,60
1277,onion,41
1278,magazine,23
1279,behavior,30
1280,degree,74
1281,tear,39
1282,desktop,3
1283,estate,21
1284,uncertainty,3
1285,administration,11
1286,crew,124
1287,blow,60
1288,afterthought,3
1289,alcove,12
1290,burn,57
1291,model,19
1292,setting,300
1293,log,16
1294,ski,16
1295,continent,7
1296,railway,87
1297,bidding,7
1298,college,95
1299,hemp,1
1300,cargo,5
1301,repair,89
1302,ocean,1681
1303,partner,227
1304,slate,15
1305,furry,1
1306,footrest,2
1307,makeup,33
1308,lookout,7
1309,expense,66
1310,pit,18
1311,gas,59
1312,peer,6
1313,daylight,31
1314,scene,132
1315,giant,68
1316,loan,8
1317,adjustment,14
1318,listening,61
1319,dancing,285
1320,engineer,22
1321,blast,183
1322,explanation,47
1323,promise,49
1324,bear,69
1325,stool,15
1326,trouble,441
1327,jazz,175
1328,hunt,21
1329,certificate,18
1330,press,54
1331,dealing,81
1332,shame,163
1333,criticism,88
1334,lifetime,39
1335,question,162
1336,support,45
1337,highlight,156
1338,confusion,59
1339,layer,8
1340,dust,69
1341,jacket,31
1342,track,90
1343,cash,264
1344,trend,10
1345,scam,46
1346,thread,20
1347,pile,19
1348,crane,11
1349,neglect,8
1350,tobacco,20
1351,pan,69
1352,cent,41
1353,shore,139
1354,snow,37
1355,minimum,89
1356,annual,32
1357,goodie,3
1358,crib,62
1359,cow,38
1360,romance,33
1361,department,102
1362,structure,25
1363,creek,9
1364,writing,161
1365,timing,20
1366,present,136
1367,workout,104
1368,ball,84
1369,decoration,94
1370,cork,7
1371,screw,19
1372,rubber,37
1373,chicken,374
1374,approach,74
1375,equipment,204
1376,outlet,50
1377,purpose,91
1378,effect,61
1379,beer,709
1380,implication,2
1381,folder,8
1382,habit,13
1383,exaggeration,18
1384,cart,184
1385,donut,6
1386,dough,12
1387,darkness,18
1388,massage,430
1389,shoulder,22
1390,bin,22
1391,swimsuit,8
1392,toothpaste,37
1393,toothbrush,41
1394,jail,9
1395,bitter,15
1396,village,190
1397,campus,25
1398,lay,158
1399,rust,18
1400,feather,30
1401,midnight,197
1402,blueberry,11
1403,scrambled,114
1404,sausage,103
1405,fate,4
1406,premier,79
1407,consensus,7
1408,van,184
1409,crisp,71
1410,zoo,109
1411,waffle,24
1412,bread,400
1413,correspondence,5
1414,niece,33
1415,mess,88
1416,maintenance,199
1417,act,87
1418,limb,6
1419,student,35
1420,signal,28
1421,environment,100
1422,stress,90
1423,staircase,47
1424,piece,188
1425,dam,209
1426,scale,60
1427,efficiency,41
1428,slope,11
1429,cement,18
1430,spine,2
1431,buying,104
1432,sandpaper,3
1433,fabric,22
1434,washer,36
1435,indication,18
1436,god,154
1437,layout,135
1438,vintage,36
1439,creative,31
1440,aspect,122
1441,sale,38
1442,buck,68
1443,pasta,270
1444,fork,23
1445,equal,39
1446,country,704
1447,image,20
1448,crust,9
1449,treatment,190
1450,implement,3
1451,egg,96
1452,drapes,48
1453,pond,45
1454,winery,4
1455,hike,74
1456,dial,38
1457,safety,144
1458,weird,117
1459,velvet,11
1460,armoire,20
1461,cookie,37
1462,cloth,46
1463,pair,55
1464,waitress,141
1465,grade,38
1466,cluster,9
1467,chime,6
1468,stock,76
1469,colony,9
1470,bird,48
1471,excitement,28
1472,sick,775
1473,permit,10
1474,shock,59
1475,steam,110
1476,lap,46
1477,respect,146
1478,pounding,26
1479,amazement,7
1480,potato,40
1481,heartbeat,128
1482,input,5
1483,seafood,498
1484,princess,407
1485,pea,3
1486,tank,33
1487,brochure,71
1488,architect,5
1489,jack,50
1490,platinum,112
1491,training,87
1492,reputation,76
1493,sage,11
1494,encouragement,4
1495,desire,60
1496,haircut,6
1497,presentation,116
1498,salon,34
1499,pimp,2
1500,hops,21
1501,contrary,63
1502,belief,20
1503,celebration,57
1504,kid,127
1505,refuse,36
1506,cat,64
1507,marketing,14
1508,candy,83
1509,fries,174
1510,bend,24
1511,death,33
1512,ham,117
1513,nightclub,69
1514,dance,261
1515,dream,138
1516,rod,23
1517,metaphor,3
1518,label,15
1519,homeland,4
1520,moody,6
1521,choosing,82
1522,pendant,4
1523,jump,94
1524,honor,56
1525,usage,28
1526,shoe,41
1527,sunglasses,24
1528,territory,12
1529,stereo,38
1530,zen,9
1531,waterfall,63
1532,loss,38
1533,vanilla,28
1534,earth,65
1535,education,9
1536,till,282
1537,meantime,19
1538,id,66
1539,incident,82
1540,designer,78
1541,mainstream,6
1542,hint,51
1543,max,86
1544,factor,97
1545,climate,57
1546,crash,36
1547,sushi,154
1548,spiritual,3
1549,bowl,84
1550,slip,32
1551,ruin,95
1552,extreme,43
1553,daddy,4
1554,artist,22
1555,finger,27
1556,twist,18
1557,wrap,50
1558,mate,57
1559,pink,76
1560,lightning,12
1561,wasting,26
1562,whack,4
1563,target,31
1564,meaning,81
1565,speaker,24
1566,drawer,55
1567,underwear,11
1568,bat,20
1569,address,100
1570,exhaust,19
1571,rain,445
1572,housing,14
1573,wound,17
1574,alarm,143
1575,recall,41
1576,hash,16
1577,lover,39
1578,verdict,4
1579,enjoyment,42
1580,angle,16
1581,hiccups,8
1582,patient,94
1583,split,65
1584,geometry,1
1585,standing,169
1586,emerald,11
1587,kitten,1
1588,tech,29
1589,doughnut,2
1590,bunch,129
1591,cheesecake,37
1592,connection,240
1593,warning,177
1594,ghost,21
1595,gate,198
1596,plug,95
1597,chip,29
1598,setback,3
1599,regret,141
1600,shell,32
1601,sailing,53
1602,vanity,58
1603,storey,11
1604,muscle,5
1605,institution,3
1606,hire,65
1607,concept,70
1608,alien,2
1609,combination,105
1610,forest,96
1611,team,283
1612,percent,26
1613,body,170
1614,attribute,9
1615,tournament,11
1616,complex,297
1617,atrium,68
1618,oatmeal,39
1619,cook,159
1620,residence,127
1621,tail,24
1622,punch,38
1623,hole,85
1624,die,159
1625,resort,7899
1626,jasmine,5
1627,shirt,73
1628,background,70
1629,male,69
1630,voice,30
1631,shoot,20
1632,retreat,63
1633,nose,18
1634,sunshine,63
1635,learning,49
1636,sauce,81
1637,palm,294
1638,beach,9551
1639,rib,29
1640,mosquito,112
1641,power,253
1642,brushing,33
1643,selling,123
1644,jewellery,25
1645,casino,761
1646,trap,45
1647,catamaran,119
1648,vitamin,6
1649,rum,390
1650,boat,522
1651,journey,144
1652,guide,290
1653,surroundings,127
1654,edible,61
1655,briefing,13
1656,omelet,54
1657,chef,167
1658,patty,5
1659,product,28
1660,litter,13
1661,neighbor,25
1662,oxygen,1
1663,humor,28
1664,brief,97
1665,mass,41
1666,motor,79
1667,freezing,89
1668,tree,82
1669,bait,13
1670,pickup,39
1671,payment,49
1672,drag,64
1673,pound,28
1674,currency,47
1675,penalty,12
1676,inspector,2
1677,regulation,2
1678,height,44
1679,official,49
1680,statement,37
1681,milk,233
1682,cinnamon,12
1683,jam,63
1684,banana,141
1685,bandwidth,1
1686,boulevard,32
1687,subway,622
1688,fame,14
1689,bitten,47
1690,canal,512
1691,lane,36
1692,drum,10
1693,push,66
1694,sewer,29
1695,raid,5
1696,trek,39
1697,cherry,18
1698,representation,5
1699,sake,30
1700,alcohol,262
1701,frustration,22
1702,yesterday,51
1703,swim,672
1704,colonial,142
1705,worker,40
1706,lasagna,16
1707,veal,20
1708,shrimp,135
1709,lobster,344
1710,band,150
1711,butler,100
1712,angel,24
1713,lip,21
1714,bass,20
1715,soup,131
1716,entree,33
1717,pineapple,61
1718,walker,29
1719,vodka,59
1720,polo,79
1721,disco,428
1722,discovery,32
1723,beef,184
1724,darn,17
1725,venture,97
1726,bug,279
1727,investment,17
1728,magic,58
1729,heaven,186
1730,outback,94
1731,safari,177
1732,latte,25
1733,tram,501
1734,appetite,19
1735,cooking,107
1736,cage,13
1737,exchange,136
1738,guinea,1
1739,pig,30
1740,button,50
1741,nature,91
1742,packet,20
1743,starter,20
1744,desert,93
1745,sand,741
1746,corridor,107
1747,harbour,568
1748,circle,46
1749,follower,1
1750,hate,135
1751,cave,36
1752,truck,94
1753,score,32
1754,resident,30
1755,twilight,7
1756,dawn,41
1757,preparation,22
1758,citizen,10
1759,listing,15
1760,update,48
1761,destination,165
1762,client,30
1763,associate,6
1764,custom,36
1765,replacement,39
1766,account,90
1767,relation,29
1768,validate,12
1769,material,29
1770,molding,7
1771,restroom,22
1772,depot,12
1773,record,46
1774,proof,48
1775,cactus,4
1776,trolley,156
1777,jar,12
1778,importance,20
1779,evolution,1
1780,railroad,5
1781,niche,3
1782,haunt,5
1783,courthouse,2
1784,assassination,1
1785,oven,39
1786,snuggle,4
1787,airplane,30
1788,tune,11
1789,landing,40
1790,protection,13
1791,gap,45
1792,invite,15
1793,lesson,74
1794,force,30
1795,satisfaction,51
1796,cottage,22
1797,underneath,54
1798,swell,3
1799,bouquet,16
1800,aunt,13
1801,platform,34
1802,waiter,276
1803,garlic,22
1804,cross,127
1805,tissue,24
1806,hygienic,4
1807,dress,133
1808,crack,59
1809,chop,11
1810,reminder,17
1811,pain,124
1812,cape,12
1813,cod,10
1814,activity,206
1815,gear,42
1816,supplier,3
1817,cheque,6
1818,assistant,41
1819,fraction,31
1820,bonfire,9
1821,deliberation,2
1822,presume,8
1823,demand,39
1824,decision,136
1825,picturesque,45
1826,secret,75
1827,participant,6
1828,drill,7
1829,freedom,40
1830,trail,45
1831,literature,18
1832,sentence,7
1833,brother-in-law,10
1834,encounter,72
1835,phase,6
1836,mansion,37
1837,tube,248
1838,carpeting,38
1839,orange,201
1840,popcorn,47
1841,warming,14
1842,burrito,8
1843,supply,117
1844,premium,191
1845,dad,53
1846,passport,87
1847,venue,49
1848,stick,140
1849,remains,27
1850,inclusion,6
1851,refusal,3
1852,turkey,42
1853,recognition,12
1854,load,52
1855,wheel,37
1856,penny,125
1857,pecan,1
1858,divine,40
1859,ton,100
1860,razor,20
1861,oak,14
1862,relief,63
1863,orchestra,2
1864,lab,2
1865,relaxation,134
1866,beauty,126
1867,porter,80
1868,formal,65
1869,smith,9
1870,castle,107
1871,meat,299
1872,rite,4
1873,gang,11
1874,mouse,25
1875,delay,76
1876,captain,45
1877,hub,28
1878,whiskey,15
1879,pantry,11
1880,glance,30
1881,accounting,10
1882,pride,45
1883,arrogance,14
1884,mammoth,4
1885,steel,31
1886,graffiti,9
1887,singing,97
1888,cockroach,43
1889,trash,111
1890,flung,2
1891,mark,156
1892,affect,44
1893,assembly,3
1894,youth,21
1895,earthquake,8
1896,mode,19
1897,possibility,28
1898,vicinity,67
1899,dart,13
1900,strength,38
1901,math,11
1902,laugh,92
1903,boot,34
1904,spaghetti,25
1905,border,11
1906,remote,178
1907,hedge,2
1908,abundance,55
1909,asset,28
1910,happiness,12
1911,valentine,14
1912,batting,3
1913,eyelash,3
1914,landscape,36
1915,profit,11
1916,closure,5
1917,flood,30
1918,laughter,18
1919,license,8
1920,headache,29
1921,everybody,129
1922,hammock,35
1923,doe,2
1924,fisherman,131
1925,wharf,238
1926,belly,13
1927,herbs,6
1928,vegetable,14
1929,noodle,14
1930,ashram,1
1931,revenge,12
1932,wreck,16
1933,quarter,473
1934,evidence,28
1935,worry,279
1936,memory,63
1937,prospect,5
1938,deadline,2
1939,hurricane,97
1940,extension,20
1941,bucket,61
1942,progress,22
1943,utility,7
1944,fountain,51
1945,newspaper,79
1946,lemonade,23
1947,placement,9
1948,disruption,6
1949,doorknob,5
1950,spark,2
1951,respite,32
1952,drizzle,4
1953,snob,28
1954,festival,76
1955,freight,11
1956,jet,98
1957,essence,20
1958,freezer,28
1959,nursing,5
1960,buzz,50
1961,passing,92
1962,boss,31
1963,external,18
1964,calibre,15
1965,villa,468
1966,difficulty,77
1967,recovery,8
1968,paintwork,4
1969,pattern,11
1970,caliber,30
1971,stream,19
1972,alligator,2
1973,lizard,16
1974,high-rise,12
1975,wallet,64
1976,message,79
1977,parade,33
1978,brass,15
1979,blessing,29
1980,washcloth,15
1981,retrospect,12
1982,lamp,57
1983,moon,53
1984,sunroom,3
1985,fingernail,1
1986,filth,12
1987,excuse,77
1988,ounce,5
1989,joy,63
1990,passenger,18
1991,video,64
1992,damage,48
1993,ambassador,25
1994,pitch,39
1995,garter,1
1996,belt,22
1997,cathedral,157
1998,yard,40
1999,user,35
2000,teacher,10
2001,shout,22
2002,increase,27
2003,sanctuary,17
2004,fold,20
2005,grin,6
2006,trade,67
2007,dependent,11
2008,conscience,3
2009,infection,35
2010,lieu,5
2011,loading,20
2012,medication,26
2013,biscuit,6
2014,oyster,19
2015,pilot,8
2016,agenda,8
2017,mama,50
2018,teen,19
2019,loft,54
2020,horizon,18
2021,pump,8
2022,affair,31
2023,antique,65
2024,deposit,103
2025,prince,55
2026,chill,78
2027,concentration,4
2028,tunnel,11
2029,celebrity,32
2030,benefit,81
2031,doubt,243
2032,decrease,3
2033,appreciation,23
2034,mountain,76
2035,gel,53
2036,tuna,33
2037,balance,53
2038,walkway,77
2039,adobe,2
2040,amenity,53
2041,chestnut,11
2042,diner,119
2043,plunger,5
2044,directory,6
2045,bridge,374
2046,lily,8
2047,jeep,38
2048,commander,5
2049,grandma,7
2050,reveal,4
2051,filing,3
2052,soul,23
2053,valley,60
2054,introduction,15
2055,generator,9
2056,bench,21
2057,economy,38
2058,cot,68
2059,warrant,14
2060,guacamole,16
2061,warmth,63
2062,cylinder,2
2063,column,6
2064,trick,40
2065,rear,88
2066,orchard,179
2067,signature,60
2068,stage,105
2069,principle,10
2070,parent,14
2071,production,11
2072,admission,18
2073,gallery,77
2074,stair,16
2075,descent,15
2076,occurrence,13
2077,commission,15
2078,revelation,2
2079,halibut,2
2080,tradition,18
2081,cliff,29
2082,bud,25
2083,howard,19
2084,headquarters,7
2085,incentive,7
2086,study,17
2087,muffin,10
2088,overview,18
2089,hiring,21
2090,knowledge,99
2091,homework,32
2092,testament,8
2093,cupboard,64
2094,contrast,46
2095,seal,23
2096,expedition,5
2097,spirit,35
2098,quartet,5
2099,rose,81
2100,position,192
2101,treasure,40
2102,roller,8
2103,cucumber,5
2104,hunger,6
2105,reaction,33
2106,resolve,38
2107,jeans,29
2108,recording,5
2109,plaster,9
2110,electronics,13
2111,journalist,2
2112,context,9
2113,washbasin,9
2114,binoculars,3
2115,hamburger,37
2116,insert,8
2117,raspberry,6
2118,cheer,10
2119,data,9
2120,pony,2
2121,cloud,65
2122,crap,49
2123,role,11
2124,developing,17
2125,cutting,36
2126,doctor,146
2127,violet,2
2128,generation,6
2129,fashion,69
2130,exhibit,8
2131,spice,36
2132,texture,4
2133,scenery,71
2134,popularity,20
2135,consulting,5
2136,sugar,81
2137,attendance,5
2138,exhaustion,5
2139,toaster,43
2140,exploration,12
2141,diet,86
2142,beast,3
2143,brother,109
2144,slippers,203
2145,profile,14
2146,glow,6
2147,ark,4
2148,trench,1
2149,century,65
2150,piano,115
2151,law,54
2152,sherry,8
2153,operator,78
2154,faithful,3
2155,eleventh,2
2156,academy,11
2157,path,98
2158,quince,1
2159,direction,216
2160,peach,6
2161,recipient,1
2162,alert,14
2163,file,17
2164,behaviour,15
2165,responsibility,35
2166,bush,21
2167,grove,14
2168,twins,42
2169,swan,34
2170,distinction,5
2171,justice,51
2172,pace,66
2173,quiche,5
2174,hiking,18
2175,drawing,18
2176,manor,26
2177,interaction,22
2178,weakness,4
2179,sweets,37
2180,perfume,13
2181,milestone,9
2182,pathway,12
2183,suspect,56
2184,lead,53
2185,incense,10
2186,altar,1
2187,extent,27
2188,caddy,7
2189,skylight,9
2190,console,8
2191,humour,18
2192,ping,41
2193,elephant,13
2194,master,64
2195,overhead,34
2196,odyssey,2
2197,multimedia,1
2198,controller,2
2199,shade,355
2200,jungle,42
2201,enclosure,9
2202,convert,11
2203,canteen,3
2204,width,17
2205,privilege,32
2206,utilization,2
2207,donkey,3
2208,frog,9
2209,medicine,27
2210,pamphlet,5
2211,jug,17
2212,revenue,6
2213,dig,11
2214,bustle,133
2215,coincidence,7
2216,flu,10
2217,appointment,50
2218,success,32
2219,brink,4
2220,onset,3
2221,blizzard,13
2222,saint,40
2223,shopper,9
2224,hook,32
2225,gasket,1
2226,promotion,25
2227,paperwork,38
2228,perfection,87
2229,instruction,13
2230,spike,2
2231,plant,26
2232,proposal,4
2233,empire,104
2234,preserves,13
2235,tide,35
2236,sister-in-law,10
2237,cane,25
2238,pianist,15
2239,flair,15
2240,haven,45
2241,hazelnut,3
2242,chaos,31
2243,limitation,1
2244,lag,27
2245,strawberry,29
2246,cranberry,6
2247,hail,24
2248,pavement,15
2249,wrapping,7
2250,neon,13
2251,sector,4
2252,guitarist,5
2253,mobile,43
2254,routine,31
2255,originality,5
2256,billboard,3
2257,universe,2
2258,judge,39
2259,contest,23
2260,mission,22
2261,ability,43
2262,comedy,12
2263,quantity,37
2264,wealth,11
2265,goodbye,19
2266,bulk,8
2267,strike,40
2268,sail,30
2269,nick,13
2270,joint,18
2271,ownership,21
2272,pollution,15
2273,willingness,16
2274,tatami,1
2275,futon,4
2276,ceremony,36
2277,feng,5
2278,photo,83
2279,cardboard,9
2280,ascent,2
2281,lord,11
2282,prayer,2
2283,bulb,21
2284,device,8
2285,racing,6
2286,task,25
2287,median,3
2288,miscommunication,4
2289,substance,19
2290,workshop,7
2291,primary,32
2292,sip,27
2293,paradise,428
2294,crepe,16
2295,dolphin,38
2296,escort,14
2297,lanai,68
2298,downgrade,9
2299,cabana,54
2300,honey,31
2301,ceramic,15
2302,broker,2
2303,buffer,8
2304,rider,2
2305,reef,112
2306,quest,12
2307,lining,21
2308,backdrop,3
2309,seaside,33
2310,golf,492
2311,attachment,6
2312,flag,55
2313,turtle,26
2314,lawn,30
2315,roar,4
2316,riding,214
2317,performance,29
2318,command,14
2319,corporation,9
2320,indicator,5
2321,slider,6
2322,certainty,4
2323,misrepresentation,5
2324,analysis,1
2325,oversight,8
2326,nut,11
2327,civilization,6
2328,humanity,4
2329,globe,15
2330,coconut,101
2331,preface,9
2332,wild,62
2333,fortress,4
2334,grasp,8
2335,outrigger,79
2336,velocity,1
2337,straw,31
2338,cranky,7
2339,sunrise,37
2340,papaya,15
2341,plantation,25
2342,representative,89
2343,pants,125
2344,canoe,13
2345,strategy,2
2346,bump,17
2347,backup,11
2348,urge,17
2349,hut,148
2350,coin,28
2351,tabletop,2
2352,macadamia,7
2353,disadvantage,20
2354,coral,121
2355,war,17
2356,volcano,17
2357,mileage,5
2358,explorer,7
2359,vendor,43
2360,timer,13
2361,facelift,18
2362,tick,12
2363,valuable,36
2364,insect,42
2365,electricity,68
2366,engine,18
2367,disposal,13
2368,halloween,4
2369,characteristic,6
2370,bamboo,61
2371,relationship,8
2372,chief,12
2373,essential,30
2374,peanut,18
2375,kiss,12
2376,rice,170
2377,wool,9
2378,gallon,22
2379,skiing,11
2380,pint,20
2381,behold,15
2382,sucker,9
2383,skin,55
2384,hanger,7
2385,handful,28
2386,chandelier,12
2387,coke,153
2388,dome,45
2389,engineering,19
2390,blazer,4
2391,chart,4
2392,wasabi,3
2393,soy,7
2394,conservative,7
2395,irony,2
2396,communication,80
2397,objective,18
2398,bracket,11
2399,junk,18
2400,millennium,25
2401,limestone,2
2402,hardware,7
2403,contractor,10
2404,frame,48
2405,ad,21
2406,quote,21
2407,monster,44
2408,charger,14
2409,divide,5
2410,buyer,10
2411,developer,4
2412,government,41
2413,ratio,14
2414,auction,9
2415,oval,4
2416,forecast,30
2417,technician,11
2418,vault,7
2419,sir,28
2420,throat,13
2421,ranch,28
2422,microphone,9
2423,sphere,1
2424,commerce,3
2425,waist,28
2426,back-up,5
2427,prairie,5
2428,volume,43
2429,senior,31
2430,switching,18
2431,mechanism,4
2432,documentation,9
2433,spit,9
2434,transition,6
2435,fencing,1
2436,cabin,26
2437,shack,29
2438,swamp,12
2439,carriage,10
2440,shortage,56
2441,aim,17
2442,spruce,4
2443,interval,11
2444,survival,4
2445,rake,18
2446,receipt,60
2447,cemetery,3
2448,puddle,11
2449,testing,5
2450,ginger,12
2451,chess,15
2452,playground,36
2453,supervision,10
2454,basketball,45
2455,permission,16
2456,fishing,64
2457,scorpion,7
2458,runner,13
2459,lawsuit,5
2460,bagel,31
2461,mimosa,20
2462,tomato,35
2463,gum,14
2464,filter,16
2465,parsley,1
2466,olive,26
2467,ketchup,12
2468,deodorant,4
2469,excess,23
2470,president,10
2471,appliance,3
2472,screw-up,4
2473,bee,5
2474,sting,39
2475,motorcycle,5
2476,unemployment,2
2477,tennis,168
2478,instructor,9
2479,wastebasket,3
2480,venom,2
2481,vision,11
2482,riser,15
2483,havoc,5
2484,effective,54
2485,glue,3
2486,neighbour,18
2487,farmer,8
2488,icing,31
2489,peacock,14
2490,integrity,4
2491,lamb,44
2492,stew,11
2493,raisin,3
2494,passage,13
2495,marriage,21
2496,font,3
2497,pork,105
2498,shadow,14
2499,nail,22
2500,flash,36
2501,inscription,2
2502,confidence,15
2503,adviser,13
2504,necessity,13
2505,criminal,4
2506,element,13
2507,crime,24
2508,fillet,22
2509,blog,8
2510,emphasis,12
2511,fail,19
2512,curl,3
2513,souvenir,39
2514,orientation,30
2515,writer,11
2516,inevitable,9
2517,retention,1
2518,reduction,12
2519,graduate,3
2520,handball,1
2521,sigh,5
2522,tin,31
2523,memo,2
2524,complication,1
2525,whistle,22
2526,employ,5
2527,accent,15
2528,decadence,3
2529,eagle,7
2530,buckwheat,5
2531,grandpa,1
2532,cancer,4
2533,fiddle,10
2534,sunlight,22
2535,focus,35
2536,hurry,53
2537,consist,9
2538,bran,2
2539,patch,12
2540,acoustics,2
2541,gutter,3
2542,burst,17
2543,perpendicular,4
2544,thumb,9
2545,palate,9
2546,excursion,314
2547,jade,13
2548,enthusiasm,23
2549,silk,16
2550,softball,1
2551,cord,23
2552,capacity,70
2553,locker,29
2554,culture,136
2555,scooter,14
2556,absence,19
2557,notepad,2
2558,pen,34
2559,employer,7
2560,marathon,33
2561,barrage,1
2562,birth,20
2563,harm,7
2564,promenade,14
2565,bore,8
2566,verification,3
2567,stumbling,15
2568,visual,13
2569,vista,58
2570,frenzy,5
2571,buggy,39
2572,powder,36
2573,colt,1
2574,forum,44
2575,disgust,9
2576,backyard,15
2577,fort,43
2578,taco,30
2579,grub,6
2580,sundae,2
2581,chit-chat,1
2582,accountability,3
2583,racist,1
2584,transaction,16
2585,lime,14
2586,scheme,33
2587,candle,41
2588,awe,22
2589,stranger,15
2590,organization,16
2591,embarrassment,4
2592,ray,19
2593,eyelid,4
2594,dip,49
2595,register,17
2596,configuration,12
2597,sesame,2
2598,bog,3
2599,broom,12
2600,commuter,4
2601,sport,37
2602,zombie,2
2603,overcharge,11
2604,pat,13
2605,macaroni,5
2606,trader,6
2607,tummy,27
2608,grandmother,13
2609,sensitivity,4
2610,county,14
2611,grant,24
2612,spur,6
2613,physical,37
2614,origin,10
2615,behalf,18
2616,chamber,10
2617,hug,7
2618,octagon,1
2619,holder,32
2620,licence,14
2621,networking,1
2622,killing,11
2623,ignorant,24
2624,drama,11
2625,tenement,12
2626,down,2
2627,condominium,1
2628,upward,3
2629,kingdom,4
2630,sty,1
2631,polyester,4
2632,logo,8
2633,crest,13
2634,waiver,5
2635,collection,60
2636,lye,3
2637,rainbow,11
2638,chuck,8
2639,banyan,4
2640,possession,3
2641,tolerant,15
2642,salt,68
2643,moose,5
2644,drummer,4
2645,syrup,18
2646,t-shirt,17
2647,society,11
2648,song,38
2649,mainland,22
2650,pie,13
2651,feast,27
2652,revitalization,1
2653,chaise,24
2654,crystal,81
2655,raft,30
2656,pause,7
2657,software,3
2658,tenth,11
2659,intent,8
2660,coach,63
2661,kiosk,23
2662,liver,6
2663,shear,2
2664,widow,4
2665,rag,4
2666,ostrich,2
2667,hotdog,5
2668,roommate,14
2669,nation,17
2670,granddaughter,7
2671,cyclone,1
2672,fence,19
2673,brisket,1
2674,corn,18
2675,pudding,11
2676,greens,20
2677,mustard,3
2678,tavern,17
2679,pancake,27
2680,yahoo,9
2681,frown,5
2682,slice,52
2683,fear,44
2684,supreme,15
2685,satin,3
2686,donation,4
2687,purse,44
2688,innocent,6
2689,snug,5
2690,barbeque,17
2691,sole,21
2692,satellite,47
2693,gingerbread,6
2694,theft,50
2695,brush,94
2696,raise,17
2697,interject,1
2698,horror,39
2699,tonic,21
2700,chateau,15
2701,disagreement,1
2702,trim,11
2703,boom,12
2704,snake,6
2705,cornet,1
2706,stable,6
2707,variation,16
2708,crude,5
2709,draft,15
2710,consistency,20
2711,kitsch,7
2712,fox,9
2713,reluctance,3
2714,escalator,28
2715,clearing,22
2716,infinite,4
2717,wisdom,3
2718,sanity,7
2719,prelude,2
2720,provider,13
2721,chest,20
2722,dishwasher,34
2723,method,10
2724,cattle,11
2725,tab,14
2726,conversion,13
2727,windshield,4
2728,protein,10
2729,stability,1
2730,rowing,6
2731,avalanche,1
2732,chalk,6
2733,folk,24
2734,elm,3
2735,processing,6
2736,authenticity,8
2737,impact,17
2738,stench,17
2739,miracle,8
2740,stump,1
2741,wheat,4
2742,span,18
2743,mop,16
2744,gambling,21
2745,devastation,5
2746,causeway,35
2747,measure,20
2748,reset,12
2749,flame,21
2750,bachelor,5
2751,panic,19
2752,compliment,13
2753,torte,2
2754,rosemary,4
2755,gene,3
2756,humidity,90
2757,endorsement,2
2758,spat,2
2759,rhyme,4
2760,thousand,23
2761,clove,1
2762,shorts,61
2763,platter,47
2764,membership,30
2765,peek,23
2766,fiction,5
2767,tornado,1
2768,procedure,18
2769,blank,11
2770,runway,16
2771,gun,7
2772,military,16
2773,spy,3
2774,crewmen,1
2775,turf,16
2776,attack,21
2777,debate,5
2778,vote,7
2779,apprehension,5
2780,fool,29
2781,designation,4
2782,pardon,4
2783,inability,8
2784,brewer,1
2785,rally,1
2786,hobby,3
2787,sin,8
2788,cure,1
2789,grit,5
2790,rank,38
2791,terror,4
2792,hat,45
2793,supper,43
2794,pepper,19
2795,oxford,41
2796,apparel,1
2797,sneakers,5
2798,skyscraper,10
2799,mother-in-law,14
2800,mousse,12
2801,pigsty,1
2802,roadway,4
2803,depth,14
2804,liability,5
2805,danger,18
2806,population,12
2807,trace,11
2808,farm,22
2809,fatigue,5
2810,eternity,3
2811,tent,20
2812,remark,3
2813,army,14
2814,vegetation,21
2815,circuit,8
2816,paste,15
2817,capability,4
2818,accordance,3
2819,lid,12
2820,perception,9
2821,vine,6
2822,notion,4
2823,beetle,2
2824,pursuit,4
2825,camp,72
2826,flare,4
2827,bullet,14
2828,technology,16
2829,nest,11
2830,envy,4
2831,minimalism,3
2832,complement,7
2833,yacht,3
2834,guava,4
2835,skirt,6
2836,nutmeg,1
2837,witness,11
2838,talent,18
2839,gale,3
2840,sticker,9
2841,poison,4
2842,caviar,14
2843,feeding,26
2844,legend,5
2845,dragonfly,10
2846,mango,33
2847,leader,13
2848,barbecue,25
2849,cub,1
2850,toy,10
2851,seaweed,234
2852,violence,5
2853,stud,4
2854,earrings,12
2855,insurance,60
2856,investigation,8
2857,manicure,14
2858,strand,4
2859,broiler,1
2860,foray,1
2861,dispute,12
2862,whisper,5
2863,dragon,9
2864,vice,24
2865,curiosity,7
2866,puma,1
2867,expert,16
2868,statue,51
2869,cousin,26
2870,uniform,11
2871,invoice,6
2872,dusk,14
2873,veranda,17
2874,significance,3
2875,ice-cream,8
2876,custody,1
2877,competitor,4
2878,pad,25
2879,picnic,31
2880,bikini,14
2881,diving,90
2882,horse,77
2883,manatee,7
2884,nephew,16
2885,theory,7
2886,rethinking,1
2887,ale,2
2888,kayak,27
2889,crunch,3
2890,bicycle,9
2891,objection,2
2892,swallow,8
2893,blend,13
2894,advertisement,10
2895,relay,4
2896,sprinkles,2
2897,sub,32
2898,imagination,19
2899,enterprise,4
2900,gain,28
2901,virus,20
2902,croissant,51
2903,discretion,6
2904,countryside,56
2905,poker,38
2906,cornerstone,1
2907,grain,18
2908,slot,79
2909,convertible,2
2910,makeover,18
2911,session,17
2912,slide,77
2913,salsa,59
2914,tan,53
2915,arcade,14
2916,pigeon,6
2917,charity,8
2918,ecology,1
2919,thunder,5
2920,click,16
2921,swordfish,2
2922,chops,29
2923,grass,72
2924,volleyball,150
2925,spider,11
2926,finer,15
2927,immigration,33
2928,voyage,8
2929,lettuce,25
2930,vinegar,13
2931,grapefruit,14
2932,fat,35
2933,shanty,5
2934,pedal,5
2935,urgency,8
2936,certification,3
2937,vest,2
2938,rug,11
2939,community,28
2940,octopus,12
2941,tractor,7
2942,debris,30
2943,wildlife,29
2944,guitar,10
2945,router,1
2946,chemical,10
2947,assumption,6
2948,infrastructure,13
2949,hacienda,27
2950,ant,19
2951,spotlight,1
2952,terracotta,4
2953,lox,5
2954,watermelon,14
2955,relish,2
2956,destruction,1
2957,flexibility,12
2958,chorus,5
2959,diesel,14
2960,fuel,9
2961,charter,32
2962,consequence,11
2963,canopy,23
2964,roast,37
2965,bean,15
2966,mystery,31
2967,in-laws,8
2968,hurdle,1
2969,dinosaur,2
2970,nibble,4
2971,breast,3
2972,pitcher,9
2973,parrot,37
2974,engagement,11
2975,knee,14
2976,kiwi,6
2977,pirate,5
2978,tracking,7
2979,iceberg,8
2980,gravy,6
2981,resource,6
2982,shoreline,11
2983,observatory,18
2984,spelling,22
2985,shelter,7
2986,nickname,4
2987,borrowing,7
2988,bond,29
2989,index,7
2990,barrier,175
2991,boatload,1
2992,gliding,1
2993,flock,5
2994,republic,268
2995,sweat,41
2996,pledge,2
2997,take-out,8
2998,film,42
2999,broad,12
3000,prescription,13
3001,audience,68
3002,poverty,26
3003,jelly,15
3004,poisoning,58
3005,smuggling,1
3006,influence,10
3007,slime,2
3008,rage,3
3009,nurse,49
3010,soccer,46
3011,participation,34
3012,sickness,40
3013,dairy,8
3014,dude,6
3015,paddle,17
3016,hound,9
3017,gasoline,6
3018,cushion,5
3019,dictionary,25
3020,hose,18
3021,stem,4
3022,comprehension,3
3023,jellyfish,9
3024,reader,12
3025,bust,7
3026,illness,37
3027,rescue,12
3028,phrase,23
3029,saloon,6
3030,dune,19
3031,damn,19
3032,rotation,2
3033,pinot,2
3034,collar,3
3035,spoon,24
3036,tote,5
3037,tablet,10
3038,mixture,34
3039,propaganda,1
3040,kite,7
3041,quit,17
3042,stonework,1
3043,venti,3
3044,mug,40
3045,cartoon,3
3046,salami,10
3047,pepperoni,1
3048,cascade,15
3049,dealer,18
3050,temple,52
3051,browsing,11
3052,photographer,39
3053,bow,6
3054,suicide,3
3055,liberty,50
3056,teller,1
3057,digestive,9
3058,wage,4
3059,minority,36
3060,bias,3
3061,cappuccino,22
3062,scrutiny,2
3063,app,8
3064,singer,24
3065,salesman,12
3066,distributor,1
3067,insight,9
3068,corral,2
3069,craft,11
3070,glimpse,23
3071,capitalism,1
3072,crisis,12
3073,formula,10
3074,consumption,8
3075,superiority,2
3076,lifestyle,24
3077,shark,15
3078,trainer,7
3079,wad,4
3080,relative,47
3081,sailboat,2
3082,bracelet,31
3083,loaf,5
3084,squid,14
3085,eyeglasses,2
3086,ankle,18
3087,excellence,476
3088,nerve,18
3089,diver,6
3090,void,4
3091,disguise,8
3092,bungalow,37
3093,association,4
3094,envelope,15
3095,allowance,3
3096,installation,4
3097,mangrove,9
3098,mud,14
3099,noodles,19
3100,goat,32
3101,household,6
3102,briefly,24
3103,panty,2
3104,barrel,9
3105,chapel,13
3106,topic,9
3107,creativity,2
3108,swivel,2
3109,tire,17
3110,fry,33
3111,specialty,164
3112,ignorance,11
3113,hog,9
3114,ash,10
3115,napkin,9
3116,frequency,4
3117,technique,4
3118,riot,6
3119,coordinator,20
3120,clinic,37
3121,asparagus,5
3122,sombrero,6
3123,fondue,7
3124,eardrum,1
3125,med,123
3126,meatball,1
3127,grouper,25
3128,applause,6
3129,conflict,4
3130,resolution,13
3131,bather,1
3132,outlook,14
3133,leaf,14
3134,blade,5
3135,wrist,33
3136,argument,14
3137,spatula,2
3138,bone,5
3139,exposure,3
3140,resist,13
3141,nationality,10
3142,idiot,7
3143,employment,3
3144,silicon,2
3145,costume,11
3146,declaration,1
3147,hockey,19
3148,cricket,3
3149,thongs,7
3150,beginner,6
3151,loop,13
3152,shallows,2
3153,monkey,48
3154,bidet,60
3155,disclosure,3
3156,principal,22
3157,gran,189
3158,uncle,12
3159,rumor,5
3160,scheduling,7
3161,stake,13
3162,gazebo,18
3163,trial,6
3164,tie,17
3165,sympathy,4
3166,tsunami,2
3167,calculator,4
3168,backpack,19
3169,myth,7
3170,anxiety,7
3171,cock,6
3172,anticipation,8
3173,rye,2
3174,residue,7
3175,morsel,2
3176,vein,2
3177,speech,4
3178,detector,4
3179,dose,9
3180,thong,4
3181,toe,14
3182,booklet,13
3183,fantasy,8
3184,gondola,20
3185,pagoda,9
3186,grief,6
3187,dialogue,1
3188,clay,11
3189,asphalt,3
3190,liquid,25
3191,jumper,3
3192,calendar,3
3193,approval,9
3194,monopoly,2
3195,cope,19
3196,fav,9
3197,notebook,6
3198,garb,1
3199,cheddar,4
3200,peasant,2
3201,scalp,4
3202,goggles,8
3203,content,32
3204,gnat,2
3205,icecream,7
3206,teenager,23
3207,mineral,30
3208,supplement,27
3209,sensor,12
3210,necklace,26
3211,rope,9
3212,lipstick,10
3213,percentage,4
3214,merchandise,13
3215,therapist,12
3216,digging,4
3217,teaching,9
3218,mixer,6
3219,collapse,6
3220,snuck,5
3221,breakdown,10
3222,keeper,10
3223,rubbish,55
3224,surgery,12
3225,ceramics,5
3226,cashier,11
3227,gong,10
3228,mozzarella,5
3229,pail,5
3230,shovel,4
3231,rap,13
3232,melody,3
3233,grandfather,4
3234,equation,2
3235,goodwill,10
3236,amber,18
3237,diffuse,1
3238,enzyme,1
3239,sediment,1
3240,barley,5
3241,saffron,4
3242,scallops,11
3243,carving,9
3244,barn,4
3245,default,4
3246,camper,40
3247,imitation,4
3248,foreigner,7
3249,knife,20
3250,compassion,5
3251,estimate,11
3252,entirety,5
3253,logistics,3
3254,disease,5
3255,triumph,21
3256,battle,9
3257,thirst,6
3258,pray,8
3259,salary,5
3260,hero,5
3261,ingrate,1
3262,fright,2
3263,heel,2
3264,stroke,5
3265,article,8
3266,pension,4
3267,usher,5
3268,genius,6
3269,catastrophe,1
3270,prejudice,1
3271,salute,3
3272,import,3
3273,cube,4
3274,orient,7
3275,comb,13
3276,replica,4
3277,camel,2
3278,sentiment,3
3279,provision,8
3280,headphones,15
3281,carnival,14
3282,colon,35
3283,skating,10
3284,plumber,9
3285,ladder,8
3286,eel,3
3287,separation,3
3288,bake,10
3289,diversity,10
3290,walnut,4
3291,cross-contamination,1
3292,marker,2
3293,bark,2
3294,scotch,15
3295,conga,2
3296,father-in-law,5
3297,bout,9
3298,expertise,9
3299,sex,22
3300,disdain,5
3301,retirement,5
3302,patrolling,4
3303,marmalade,8
3304,merit,8
3305,thunderstorm,10
3306,gathering,16
3307,flan,6
3308,call,1
3309,mariachi,14
3310,elite,40
3311,array,51
3312,stamp,13
3313,markup,2
3314,gaming,7
3315,moonlight,3
3316,inquiry,7
3317,development,12
3318,recreation,9
3319,tool,9
3320,carp,2
3321,jaw,5
3322,fiberglass,3
3323,variability,2
3324,disclaimer,7
3325,component,1
3326,reporting,14
3327,flicker,2
3328,foundation,4
3329,governor,1
3330,broccoli,2
3331,expansion,2
3332,soprano,2
3333,recession,2
3334,carol,12
3335,skywalk,4
3336,joey,11
3337,protest,2
3338,ore,2
3339,scrip,1
3340,chili,10
3341,assessment,7
3342,icy,8
3343,credenza,1
3344,almond,3
3345,audit,5
3346,consent,2
3347,consumer,6
3348,tortoise,1
3349,wax,7
3350,ford,1
3351,depression,2
3352,ravioli,12
3353,policeman,5
3354,grandson,4
3355,species,3
3356,ranger,4
3357,destiny,3
3358,republican,2
3359,bandanna,2
3360,bandana,2
3361,examination,5
3362,rooster,4
3363,herb,2
3364,dignity,2
3365,paragraph,3
3366,stupidity,2
3367,payoff,1
3368,bottling,1
3369,adapter,28
3370,battery,48
3371,funeral,5
3372,pate,2
3373,pottery,7
3374,contention,3
3375,brandy,8
3376,admire,13
3377,tandem,5
3378,leather,53
3379,disregard,16
3380,marimba,3
3381,moat,2
3382,ritual,2
3383,crop,5
3384,duster,1
3385,ban,9
3386,attorney,4
3387,maniac,3
3388,fiesta,25
3389,almighty,1
3390,fowl,2
3391,tattoo,9
3392,sensibility,1
3393,discipline,3
3394,bun,8
3395,stole,28
3396,impress,23
3397,organising,11
3398,pharmacist,6
3399,income,5
3400,hay,3
3401,dick,3
3402,chug,2
3403,witch,7
3404,outhouse,1
3405,collard,1
3406,nit,9
3407,side,1
3408,jot,1
3409,buffalo,3
3410,region,33
3411,daisy,2
3412,tortilla,10
3413,photography,5
3414,sneeze,6
3415,anger,3
3416,outcome,3
3417,commotion,6
3418,poultry,2
3419,trout,1
3420,owl,28
3421,victim,4
3422,consulate,10
3423,episode,9
3424,shed,10
3425,trousers,13
3426,taxicab,2
3427,ambition,1
3428,dill,1
3429,nonsense,8
3430,spokesman,1
3431,stack,15
3432,invasion,2
3433,protocol,5
3434,trumpet,1
3435,analogy,2
3436,cornflakes,13
3437,hospitalization,1
3438,lottery,6
3439,goose,9
3440,media,17
3441,aluminum,2
3442,flour,4
3443,premise,11
3444,sadness,1
3445,meringue,6
3446,measles,1
3447,circulation,8
3448,identification,2
3449,institute,4
3450,critic,9
3451,heron,2
3452,clover,1
3453,liner,8
3454,runaway,3
3455,disparity,4
3456,enclave,3
3457,tactics,5
3458,snail,6
3459,bull,12
3460,standpoint,5
3461,precision,1
3462,middleman,1
3463,philosopher,1
3464,poet,1
3465,thump,3
3466,monument,14
3467,phenomenon,5
3468,branch,11
3469,independence,3
3470,refuge,11
3471,anthropology,3
3472,styling,10
3473,mayor,57
3474,obsidian,1
3475,burglar,1
3476,programming,9
3477,insomnia,3
3478,smog,5
3479,pyramid,4
3480,negotiation,5
3481,exile,1
3482,ballet,12
3483,brake,1
3484,functionality,6
3485,tangerine,4
3486,congress,5
3487,guilty,11
3488,sequence,2
3489,specialist,4
3490,defense,6
3491,object,10
3492,mole,1
3493,temptation,6
3494,builder,3
3495,fraud,10
3496,drainage,9
3497,pastor,2
3498,creature,13
3499,monk,2
3500,auditorium,2
3501,verse,1
3502,timeout,2
3503,author,5
3504,dame,77
3505,tomb,5
3506,bijou,4
3507,interpretation,5
3508,interchange,4
3509,edition,3
3510,commitment,11
3511,amazon,1
3512,doorbell,13
3513,trunk,6
3514,triangle,4
3515,ruby,3
3516,volunteering,1
3517,invention,3
3518,ingredient,3
3519,worship,2
3520,bottom-line,1
3521,vogue,2
3522,prestige,9
3523,mister,4
3524,flip-flops,6
3525,nudge,3
3526,crumb,2
3527,discrepancy,4
3528,attic,23
3529,kettle,80
3530,footstool,3
3531,scientist,3
3532,baker,4
3533,derby,5
3534,dot,9
3535,parliament,14
3536,caffeine,4
3537,cobweb,1
3538,roundabout,9
3539,spree,9
3540,wrench,3
3541,wrinkle,2
3542,screening,4
3543,mushroom,8
3544,organisation,7
3545,citrus,8
3546,forehead,2
3547,roster,2
3548,auto,14
3549,tailor,5
3550,apricot,5
3551,repayment,1
3552,script,4
3553,keyboard,19
3554,removal,5
3555,surname,3
3556,programme,16
3557,masterpiece,2
3558,perch,4
3559,dungeon,10
3560,password,15
3561,whip,6
3562,entity,3
3563,questionnaire,2
3564,chap,14
3565,peripheral,1
3566,hassock,1
3567,marshmallow,5
3568,firewall,1
3569,carnation,1
3570,exhibition,18
3571,motivation,3
3572,fur,3
3573,testimonial,1
3574,endive,1
3575,clone,2
3576,cellar,28
3577,fresco,16
3578,alto,3
3579,larder,1
3580,tiger,9
3581,fund,3
3582,socialism,1
3583,semester,2
3584,modification,1
3585,saxophone,7
3586,heritage,13
3587,passion,23
3588,authorization,8
3589,merchant,13
3590,stag,28
3591,parcel,4
3592,circumstance,5
3593,forte,4
3594,fender,1
3595,bumper,2
3596,cinema,13
3597,licensing,2
3598,hen,28
3599,vase,12
3600,bolt,3
3601,eaves,3
3602,offset,13
3603,giggle,5
3604,text,4
3605,recollection,2
3606,monsoon,2
3607,tackle,3
3608,lesbian,3
3609,hovel,1
3610,tulip,27
3611,dedication,7
3612,heterosexual,3
3613,portfolio,2
3614,thistle,1
3615,sponge,11
3616,derivative,2
3617,communist,2
3618,recess,1
3619,legislation,1
3620,civilisation,1
3621,chauffeur,3
3622,vitality,1
3623,classification,4
3624,lad,9
3625,schizophrenic,1
3626,leaver,1
3627,mailing,6
3628,haste,1
3629,navigation,3
3630,quilt,8
3631,melon,10
3632,cracker,2
3633,immigrant,3
3634,identity,10
3635,whirlwind,2
3636,loggia,2
3637,slump,2
3638,pin,21
3639,gerbil,1
3640,meander,1
3641,basil,4
3642,worm,5
3643,proportion,7
3644,advocate,1
3645,crush,6
3646,dearest,3
3647,integral,2
3648,rim,2
3649,rugby,10
3650,election,3
3651,ballot,1
3652,query,9
3653,enquiry,7
3654,curry,14
3655,arch,27
3656,wisteria,2
3657,gauge,6
3658,mob,2
3659,plywood,4
3660,avocado,12
3661,anise,1
3662,cheek,5
3663,modernist,7
3664,combine,7
3665,thickness,2
3666,duffel,2
3667,autumn,8
3668,champion,5
3669,snap,6
3670,mezzanine,14
3671,analog,1
3672,pod,6
3673,bronze,3
3674,spec,7
3675,blouse,2
3676,back,5
3677,grouse,1
3678,scrap,5
3679,giraffe,1
3680,scarf,4
3681,clarity,3
3682,meridian,9
3683,prohibition,1
3684,mocha,2
3685,webpage,9
3686,withdrawal,2
3687,sack,5
3688,accountant,3
3689,secretary,1
3690,commodity,5
3691,pavilion,3
3692,wraparound,2
3693,burden,2
3694,broadcast,3
3695,wiring,5
3696,blocker,1
3697,detour,7
3698,servant,2
3699,beam,11
3700,graphic,5
3701,glen,1
3702,abbey,7
3703,crow,2
3704,orchid,12
3705,sprout,1
3706,tongue,9
3707,philosophy,3
3708,visor,1
3709,scratch,17
3710,guilt,2
3711,livestock,1
3712,assurance,2
3713,sow,1
3714,oregano,8
3715,glut,1
3716,eyebrows,1
3717,greatness,2
3718,poncho,1
3719,brood,1
3720,boost,6
3721,bomb,10
3722,surfboard,2
3723,inflation,2
3724,fringe,6
3725,wholesaler,2
3726,crayfish,3
3727,jury,30
3728,ballpark,4
3729,document,5
3730,robot,2
3731,carrot,7
3732,eyebrow,3
3733,melatonin,1
3734,pilgrimage,2
3735,compassionate,5
3736,galley,3
3737,sleet,1
3738,maple,7
3739,pumpkin,8
3740,sill,2
3741,woodland,1
3742,calf,3
3743,bowtie,2
3744,proprietor,11
3745,precedence,3
3746,logic,5
3747,papa,8
3748,competence,1
3749,gateway,6
3750,crate,3
3751,career,5
3752,veneer,5
3753,naming,2
3754,density,2
3755,classroom,2
3756,honeydew,1
3757,novel,4
3758,lecture,2
3759,knot,2
3760,overweight,9
3761,dancer,5
3762,eddy,9
3763,magnet,5
3764,resume,3
3765,romaine,4
3766,squash,8
3767,mortgage,1
3768,sailor,1
3769,harmony,5
3770,wit,6
3771,reboot,1
3772,airbus,6
3773,anchovy,1
3774,zebra,1
3775,hepatitis,3
3776,influx,4
3777,something,3
3778,show,1
3779,forage,1
3780,mare,14
3781,sneaker,1
3782,minister,2
3783,translation,22
3784,habitat,7
3785,granny,3
3786,apparatus,3
3787,discharge,1
3788,cesspool,1
3789,rat,13
3790,division,8
3791,professor,2
3792,vol,1
3793,pita,6
3794,speedboat,17
3795,sardine,2
3796,boar,1
3797,disk,1
3798,guideline,2
3799,summit,4
3800,recipe,7
3801,aperitif,5
3802,lyrics,2
3803,barstool,1
3804,beech,10
3805,motorboat,3
3806,barge,6
3807,accuracy,2
3808,chin,2
3809,temper,5
3810,chalet,6
3811,shipping,5
3812,tenor,1
3813,therapy,11
3814,banner,8
3815,brow,1
3816,settlement,2
3817,reversal,1
3818,trailer,2
3819,pencil,1
3820,hammer,4
3821,newsletter,2
3822,pear,3
3823,thrust,2
3824,organ,2
3825,cop,4
3826,rifle,6
3827,farmland,1
3828,folklore,1
3829,gratitude,5
3830,exam,3
3831,savior,1
3832,agony,1
3833,earring,1
3834,flute,3
3835,emotion,1
3836,steward,3
3837,ribbon,5
3838,stucco,4
3839,backbone,1
3840,outline,2
3841,coverage,3
3842,collector,1
3843,booty,2
3844,marten,1
3845,trinket,5
3846,fleece,2
3847,mine,1
3848,pest,5
3849,surplus,1
3850,larva,1
3851,brocolli,2
3852,pill,3
3853,zipper,2
3854,veteran,5
3855,buckle,2
3856,halt,1
3857,thigh,2
3858,surgeon,1
3859,epoxy,1
3860,stab,1
3861,clutch,1
3862,announcement,1
3863,seep,4
3864,petal,8
3865,wannabe,3
3866,cone,3
3867,diagram,1
3868,recruit,3
3869,involvement,2
3870,download,4
3871,toga,1
3872,evaluation,6
3873,butterfly,4
3874,reject,1
3875,cilantro,1
3876,sash,4
3877,lawyer,1
3878,beck,5
3879,condor,1
3880,eraser,1
3881,gender,3
3882,puppy,3
3883,earnings,1
3884,scenario,4
3885,syndrome,3
3886,patrol,5
3887,paranoia,1
3888,molasses,2
3889,conduct,7
3890,carpenter,1
3891,appendix,2
3892,chino,1
3893,mankind,1
3894,textbook,1
3895,rainstorm,1
3896,otter,1
3897,grenade,1
3898,kimono,1
3899,robin,4
3900,machinery,3
3901,doc,4
3902,photograph,6
3903,governance,1
3904,scraper,2
3905,enemy,4
3906,pulse,2
3907,instinct,1
3908,mover,1
3909,overload,6
3910,gator,1
3911,parole,1
3912,application,2
3913,degradation,1
3914,wrapper,1
3915,barracks,1
3916,divider,3
3917,geography,5
3918,dueling,2
3919,wholesale,2
3920,ridge,21
3921,format,3
3922,hardship,3
3923,championship,3
3924,specification,3
3925,concentrate,5
3926,show-stopper,2
3927,icon,2
3928,poll,1
3929,sorrow,1
3930,leap,2
3931,highland,12
3932,eclipse,9
3933,tortellini,3
3934,chow,5
3935,initiative,5
3936,decimal,4
3937,genre,3
3938,fairy,5
3939,tale,10
3940,uniformity,1
3941,encyclopedia,2
3942,atelier,3
3943,stacking,2
3944,bellows,1
3945,airforce,1
3946,collateral,2
3947,banking,3
3948,decency,5
3949,surge,1
3950,impulse,1
3951,cameo,3
3952,oats,1
3953,seaplane,1
3954,volunteer,2
3955,goodnight,1
3956,sorbet,1
3957,curve,5
3958,believer,1
3959,goddess,2
3960,execution,4
3961,reciprocity,1
3962,probation,3
3963,axis,2
3964,panda,5
3965,medal,2
3966,documentary,1
3967,pregnancy,1
3968,combat,2
3969,actor,1
3970,cornmeal,2
3971,linguistics,2
3972,gravel,3
3973,warden,1
3974,wedge,6
3975,messenger,2
3976,ink,6
3977,hamster,1
3978,grid,1
3979,tension,2
3980,chrome,9
3981,rambler,2
3982,conformation,2
3983,first,2
3984,plume,1
3985,methodology,1
3986,carrier,10
3987,butcher,6
3988,creator,1
3989,iris,5
3990,obligation,3
3991,expression,7
3992,locality,8
3993,lunchmeat,4
3994,armour,2
3995,turnstile,3
3996,journal,1
3997,flesh,3
3998,morbid,1
3999,eligibility,1
4000,redesign,3
4001,stealth,1
4002,frosting,3
4003,outset,2
4004,beard,4
4005,retrospective,1
4006,tract,1
4007,wagon,3
4008,sock,2
4009,valance,1
4010,spectacle,11
4011,disposition,3
4012,ripple,1
4013,underpass,6
4014,monastery,6
4015,strap,5
4016,pocketbook,2
4017,mime,2
4018,sheep,1
4019,cloakroom,1
4020,clearance,4
4021,purple,10
4022,diary,2
4023,tart,6
4024,friendship,9
4025,pajamas,6
4026,blight,3
4027,racism,3
4028,hummus,1
4029,dinghy,1
4030,knickers,2
4031,slash,1
4032,calico,1
4033,houseboat,1
4034,tenant,1
4035,grasshopper,1
4036,overnighter,1
4037,maestro,1
4038,madam,3
4039,wording,3
4040,vertigo,6
4041,herring,1
4042,glee,2
4043,reliability,2
4044,acceptance,2
4045,boon,4
4046,dispatch,1
4047,plea,1
4048,kidney,2
4049,chatter,3
4050,underestimate,3
4051,samovar,1
4052,timetable,6
4053,keystone,1
4054,splendor,1
4055,clef,1
4056,lens,2
4057,plum,2
4058,qualification,1
4059,footwear,3
4060,blackboard,1
4061,cloak,1
4062,postbox,2
4063,kebab,4
4064,caravan,1
4065,singular,2
4066,safeguard,2
4067,symbol,2
4068,coffin,1
4069,counterpart,3
4070,mayonnaise,1
4071,painter,1
4072,tic,2
4073,stimulation,2
4074,mapping,2
4075,adrenaline,1
4076,fortnight,6
4077,cabbage,3
4078,pickle,1
4079,campanile,9
4080,correspondent,3
4081,particle,1
4082,chick,2
4083,lust,1
4084,faith,4
4085,gram,1
4086,brain,3
4087,mantel,1
4088,tempo,2
4089,achievement,3
4090,gloom,2
4091,attenuation,1
4092,harp,2
4093,pence,2
4094,evil,2
4095,dwell,2
4096,overcoat,1
4097,ruckus,1
4098,allocation,5
4099,accusation,2
4100,switchboard,1
4101,stance,1
4102,wafer,2
4103,torso,1
4104,handrail,2
4105,bloom,5
4106,barber,1
4107,adjective,1
4108,murder,1
4109,compass,2
4110,weapon,3
4111,blossom,5
4112,greenhouse,4
4113,porthole,2
4114,pagan,1
4115,chard,1
4116,offense,3
4117,bowling,52
4118,noir,2
4119,occupation,1
4120,hornet,1
4121,inventory,3
4122,snowstorm,3
4123,prey,3
4124,cowboy,5
4125,parachute,1
4126,chapter,1
4127,shaker,5
4128,infiltration,1
4129,admin,1
4130,dictator,1
4131,experiment,4
4132,turnover,4
4133,leverage,2
4134,bribery,1
4135,pusher,1
4136,swath,1
4137,tragedy,2
4138,scout,2
4139,credibility,1
4140,baseline,1
4141,playroom,2
4142,formation,1
4143,discrimination,6
4144,trance,1
4145,secrecy,1
4146,clockwork,3
4147,elevation,1
4148,undershirt,1
4149,burro,1
4150,teapot,4
4151,leadership,4
4152,resemblance,3
4153,nestling,1
4154,mecca,4
4155,genie,1
4156,teriyaki,2
4157,mutt,1
4158,fledgling,1
4159,hare,3
4160,constitution,6
4161,contributor,3
4162,carter,3
4163,disability,3
4164,perennial,1
4165,brassiere,1
4166,lending,2
4167,virtue,2
4168,geek,1
4169,speakerphone,1
4170,hemisphere,3
4171,appetiser,1
4172,strait,2
4173,growth,1
4174,minibus,5
4175,incidence,1
4176,hunter,4
4177,treasury,1
4178,physics,1
4179,timber,2
4180,deed,3
4181,illusion,3
4182,campaign,4
4183,altitude,2
4184,intervention,4
4185,plot,3
4186,authorisation,3
4187,optimal,4
4188,domain,2
4189,rhubarb,1
4190,notation,1
4191,boundary,2
4192,familiarity,2
4193,receiver,1
4194,judgment,1
4195,counselor,1
4196,beanie,1
4197,panties,1
4198,liar,4
4199,southeast,7
4200,recliner,2
4201,crewmember,1
4202,survivor,1
4203,pouch,1
4204,stripe,2
4205,bronchitis,3
4206,seller,2
4207,kilometer,1
4208,faculty,1
4209,viola,2
4210,dickey,1
4211,trigger,1
4212,violation,4
4213,waterbed,1
4214,blister,1
4215,shield,4
4216,toothpick,4
4217,mist,5
4218,inauguration,1
4219,alliance,1
4220,blackberry,3
4221,alias,1
4222,erosion,1
4223,modeling,1
4224,piccolo,5
4225,pillar,2
4226,epic,1
4227,lark,1
4228,cholesterol,1
4229,root,4
4230,sideboard,3
4231,dwelling,3
4232,gadget,1
4233,mower,1
4234,maiden,1
4235,haze,1
4236,canvas,5
4237,comic,2
4238,cacao,1
4239,jeweller,1
4240,fob,2
4241,prevention,2
4242,warren,3
4243,submarine,1
4244,ram,1
4245,syndicate,1
4246,creation,4
4247,hawk,1
4248,diaper,2
4249,framework,1
4250,segment,1
4251,propane,3
4252,viewer,1
4253,baseboard,1
4254,tramp,2
4255,senate,1
4256,batter,2
4257,seashore,1
4258,artichoke,2
4259,symptom,1
4260,helium,2
4261,balloon,9
4262,birch,1
4263,dentist,3
4264,fibre,2
4265,clapboard,1
4266,lunge,1
4267,seed,1
4268,vessel,2
4269,senator,14
4270,throne,2
4271,thyme,4
4272,probe,2
4273,dynamo,1
4274,reasoning,2
4275,labour,4
4276,restoration,1
4277,yang,3
4278,anklet,1
4279,committee,2
4280,willow,2
4281,ego,2
4282,snarl,1
4283,investor,2
4284,reporter,1
4285,cayenne,2
4286,kingfish,1
4287,emery,1
4288,good-bye,5
4289,pronunciation,2
4290,mailbox,2
4291,dimension,1
4292,gig,4
4293,doggie,2
4294,footprint,1
4295,accessory,1
4296,existence,1
4297,cob,2
4298,eggplant,2
4299,hermit,2
4300,tendency,6
4301,sandal,2
4302,expose,3
4303,clipboard,4
4304,caterpillar,1
4305,lace,1
4306,skull,2
4307,termination,1
4308,legacy,6
4309,custard,3
4310,outlay,1
4311,mercury,1
4312,excerpt,1
4313,bowler,1
4314,affinity,1
4315,watcher,1
4316,thorn,1
4317,bonding,1
4318,attacker,1
4319,publicity,2
4320,dynamics,3
4321,stallion,1
4322,justification,1
4323,industrialization,1
4324,awareness,2
4325,margarine,1
4326,deduction,1
4327,plugin,1
4328,impairment,1
4329,inspiration,2
4330,jaguar,1
4331,cuticle,1
4332,deputy,4
4333,bookend,2
4334,boxspring,3
4335,lung,4
4336,login,1
4337,system,1
4338,savannah,1
4339,shin,1
4340,tremor,1
4341,anime,1
4342,durian,1
4343,ivory,1
4344,equinox,3
4345,jumbo,1
4346,addiction,1
4347,dynasty,15
4348,duel,2
4349,database,1
4350,samurai,1
4351,cauliflower,2
4352,judo,1
4353,quotation,2
4354,exclamation,1
4355,bail,1
4356,coil,4
4357,daybed,6
4358,step-sister,1
4359,boycott,1
4360,typhoon,3
4361,prosperity,1
4362,plight,1
4363,welfare,1
4364,enforcement,1
4365,choir,1
4366,slipper,2
4367,babe,2
4368,git,1
4369,distribution,1
4370,pacemaker,1
4371,taro,2
4372,bombing,6
4373,youngster,1
4374,revolution,1
4375,cuckoo,1
4376,regime,1
4377,fahrenheit,2
4378,browser,2
4379,squirrel,1
4380,isolation,2
4381,flick,1
4382,copying,2
4383,mosque,3
4384,chopsticks,7
4385,tumbler,4
4386,lacquerware,1
4387,integration,1
4388,quota,1
4389,devil,2
4390,motive,1
4391,modernity,2
4392,interface,1
4393,vivo,1
4394,realization,1
4395,hoe,1
4396,bonsai,2
4397,aftershave,3
4398,omnivore,1
4399,helo,1
4400,directive,1
4401,maelstrom,1
4402,mambo,2
4403,mochi,1
4404,trophy,2
4405,consul,1
4406,impediment,1
4407,rhythm,1
4408,aggression,1
4409,tofu,1
4410,terrorism,1
4411,scissors,2
4412,spelt,2
4413,determination,1
4414,boudoir,1
4415,tablecloth,1
4416,beyond,1
4417,spectrum,2
4418,finance,1
4419,gymnastics,2
4420,everyone,1
4421,ramen,1
4422,innovation,2
4423,soil,1
4424,digger,1
4425,sari,22
4426,puppet,5
4427,milkshake,4
4428,well-being,2
4429,savory,2
4430,obstacle,1
4431,shrine,1
4432,intelligence,2
4433,stir-fry,2
4434,kamikaze,1
4435,turban,2
4436,elimination,1
4437,calculation,2
4438,signup,1
4439,ethnicity,1
4440,clasp,1
4441,soldier,1
4442,vulture,1
4443,parenting,1
4444,trading,2
4445,harvest,2
4446,mandate,1
4447,radar,3
4448,cloudburst,1
4449,armpit,1
4450,transparency,1
4451,pelican,1
4452,marsh,2
4453,contingency,1
4454,activation,2
4455,suspension,2
4456,acre,1
4457,preservation,2
4458,threshold,2
4459,dew,1
4460,continuity,1
4461,intestine,1
4462,petition,1
4463,cloister,1
4464,rebel,1
4465,thrift,1
4466,booster,2
4467,partnership,1
4468,dialect,1
4469,poetry,3
4470,poem,1
4471,nylon,2
4472,wilderness,1
4473,deer,1
4474,luncheonette,4
4475,reservoir,1
4476,misunderstand,1
4477,brook,1
4478,literate,2
4479,mutton,1
4480,curse,1
4481,council,2
4482,paw,2
4483,refectory,3
4484,tuition,1
4485,okra,1
4486,likeness,1
4487,harvester,1
4488,portrait,1
4489,generosity,1
4490,underweight,1
4491,sundial,1
4492,macaw,1
4493,bomber,1
4494,thermometer,2
4495,fiery,1
4496,wasp,2
4497,frost,1
4498,adrenalin,1
4499,prisoner,1
4500,spacing,1
4501,accelerator,1
4502,marines,1
4503,malice,1
4504,trooper,1
4505,packaging,2
4506,billion,2
4507,softdrink,2
4508,oleo,2
4509,accomplishment,1
4510,clank,1
4511,everything,1
4512,constellation,1
4513,bladder,1
4514,vengeance,1
4515,nectar,1
4516,cartridge,1
4517,bangle,1
4518,grandchild,1
4519,sustenance,1
4520,shaw,1
4521,tarragon,1
4522,berry,1
4523,decision-making,1
4524,caper,1
4525,tug,1
4526,musician,2
4527,yin,1
4528,cockpit,1
4529,puzzle,5
4530,greed,1
4531,blush,1
4532,troop,1
4533,vaccine,1
4534,mussel,1
4535,strobe,1
4536,threat,2
4537,penicillin,1
4538,jiffy,1
4539,stimulus,1
4540,lantern,1
4541,founding,1
4542,stepdaughter,1
4543,alphabet,1
4544,revival,1
4545,coal,1
4546,clergyman,1
4547,shred,1
4548,macro,1
4549,saviour,1
4550,sweatshirt,1
4551,manufacturing,1
4552,profession,2
4553,diagnosis,1
4554,ethics,1
4555,coaster,1
4556,moth,1
4557,realm,2
4558,monitoring,1
4559,consciousness,1
4560,regulator,1
4561,paperback,1
4562,applewood,1
4563,obsession,1
4564,bead,1
4565,heir,1
4566,exposition,1
4567,religion,1
4568,footstep,1
4569,someone,1
4570,slavery,1
4571,childhood,2
4572,quart,1
4573,potty,1
4574,interpreter,1
4575,bobcat,1
4576,twine,1
4577,intensity,1
4578,cantaloupe,2
4579,slang,1
4580,validity,1
4581,dumbwaiter,1
4582,bakeware,1
4583,inbox,1
4584,quail,1
4585,corps,1
4586,tutu,4
4587,uplift,1
4588,aftermath,1
